{"Gender": {"Male": 0, "Female": 1}, "BMI Category": {"Normal": 3, "Overweight": 2, "Normal Weight": 1, "Obese": 0}, "Blood Pressure": {"High Blood Pressure (Stage 1)": 3, "High Blood Pressure (Stage 2)": 2, "Normal": 1, "Elevated": 0}, "Sleep Disorder": {"None": 2, "Sleep Apnea": 1, "Insomnia": 0}, "columns": ["Gender", "Age", "Sleep Duration", "Quality of Sleep", "Physical Activity Level", "Stress Level", "BMI Category", "Blood Pressure", "Heart Rate", "Daily Steps", "Occupation_Accountant", "Occupation_Doctor", "Occupation_Engineer", "Occupation_Lawyer", "Occupation_Manager", "Occupation_Nurse", "Occupation_Sales Representative", "Occupation_Salesperson", "Occupation_Scientist", "Occupation_Software Engineer", "Occupation_Teacher"]}